Tensao completa (V);Corrente completa (A)
-51.450000000;-7.413102414504E-3
-51.422408027;-7.135835274953E-3
-51.394816054;-6.868938566349E-3
-51.367224080;-6.612024410638E-3
-51.339632107;-6.364719437304E-3
-51.312040134;-6.126664240747E-3
-51.284448161;-5.897512857967E-3
-51.256856187;-5.676932265780E-3
-51.229264214;-5.464601896837E-3
-51.201672241;-5.260213173746E-3
-51.174080268;-5.063469060623E-3
-51.146488294;-4.874083631412E-3
-51.118896321;-4.691781654352E-3
-51.091304348;-4.516298191983E-3
-51.063712375;-4.347378216118E-3
-51.036120401;-4.184776237215E-3
-51.008528428;-4.028255947604E-3
-50.980936455;-3.877589878071E-3
-50.953344482;-3.732559067272E-3
-50.925752508;-3.592952743525E-3
-50.898160535;-3.458568018495E-3
-50.870568562;-3.329209592338E-3
-50.842976589;-3.204689469876E-3
-50.815384615;-3.084826687384E-3
-50.787792642;-2.969447049597E-3
-50.760200669;-2.858382876558E-3
-50.732608696;-2.751472759924E-3
-50.705016722;-2.648561328399E-3
-50.677424749;-2.549499021930E-3
-50.649832776;-2.454141874357E-3
-50.622240803;-2.362351304185E-3
-50.594648829;-2.273993913189E-3
-50.567056856;-2.188941292542E-3
-50.539464883;-2.107069836208E-3
-50.511872910;-2.028260561298E-3
-50.484280936;-1.952398935160E-3
-50.456688963;-1.879374708927E-3
-50.429096990;-1.809081757293E-3
-50.401505017;-1.741417924284E-3
-50.373913043;-1.676284874797E-3
-50.346321070;-1.613587951687E-3
-50.318729097;-1.553236038204E-3
-50.291137124;-1.495141425576E-3
-50.263545151;-1.439219685542E-3
-50.235953177;-1.385389547651E-3
-50.208361204;-1.333572781156E-3
-50.180769231;-1.283694081320E-3
-50.153177258;-1.235680959977E-3
-50.125585284;-1.189463640186E-3
-50.097993311;-1.144974954823E-3
-50.070401338;-1.102150248972E-3
-50.042809365;-1.060927285958E-3
-50.015217391;-1.021246156903E-3
-49.987625418;-9.830491936570E-4
-49.960033445;-9.462808849947E-4
-49.932441472;-9.108877959368E-4
-49.904849498;-8.768184900962E-4
-49.877257525;-8.440234549252E-4
-49.849665552;-8.124550297599E-4
-49.822073579;-7.820673365551E-4
-49.794481605;-7.528162132103E-4
-49.766889632;-7.246591493896E-4
-49.739297659;-6.975552247416E-4
-49.711705686;-6.714650494308E-4
-49.684113712;-6.463507068922E-4
-49.656521739;-6.221756987280E-4
-49.628929766;-5.989048916644E-4
-49.601337793;-5.765044664936E-4
-49.573745819;-5.549418689239E-4
-49.546153846;-5.341857622693E-4
-49.518561873;-5.142059819083E-4
-49.490969900;-4.949734914457E-4
-49.463377926;-4.764603405145E-4
-49.435785953;-4.586396241562E-4
-49.408193980;-4.414854437195E-4
-49.380602007;-4.249728692226E-4
-49.353010033;-4.090779031226E-4
-49.325418060;-3.937774454400E-4
-49.297826087;-3.790492601878E-4
-49.270234114;-3.648719430564E-4
-49.242642140;-3.512248903067E-4
-49.215050167;-3.380882688269E-4
-49.187458194;-3.254429873096E-4
-49.159866221;-3.132706685060E-4
-49.132274247;-3.015536225191E-4
-49.104682274;-2.902748210948E-4
-49.077090301;-2.794178728751E-4
-49.049498328;-2.689669995763E-4
-49.021906355;-2.589070130594E-4
-48.994314381;-2.492232932564E-4
-48.966722408;-2.399017669239E-4
-48.939130435;-2.309288871900E-4
-48.911538462;-2.222916138675E-4
-48.883946488;-2.139773945019E-4
-48.856354515;-2.059741461295E-4
-48.828762542;-1.982702377177E-4
-48.801170569;-1.908544732609E-4
-48.773578595;-1.837160755102E-4
-48.745986622;-1.768446703107E-4
-48.718394649;-1.702302715246E-4
-48.690802676;-1.638632665191E-4
-48.663210702;-1.577344021957E-4
-48.635618729;-1.518347715433E-4
-48.608026756;-1.461558006935E-4
-48.580434783;-1.406892364604E-4
-48.552842809;-1.354271343464E-4
-48.525250836;-1.303618469963E-4
-48.497658863;-1.254860130836E-4
-48.470066890;-1.207925466126E-4
-48.442474916;-1.162746266200E-4
-48.414882943;-1.119256872624E-4
-48.387290970;-1.077394082740E-4
-48.359698997;-1.037097057817E-4
-48.332107023;-9.983072346302E-5
-48.304515050;-9.609682403568E-5
-48.276923077;-9.250258106469E-5
-48.249331104;-8.904277107625E-5
-48.221739130;-8.571236596655E-5
-48.194147157;-8.250652569446E-5
-48.166555184;-7.942059124755E-5
-48.138963211;-7.645007787123E-5
-48.111371237;-7.359066855107E-5
-48.083779264;-7.083820773894E-5
-48.056187291;-6.818869531380E-5
-48.028595318;-6.563828076838E-5
-48.001003344;-6.318325761327E-5
-47.973411371;-6.082005799030E-5
-47.945819398;-5.854524748744E-5
-47.918227425;-5.635552014761E-5
-47.890635452;-5.424769366413E-5
-47.863043478;-5.221870475595E-5
-47.835451505;-5.026560471580E-5
-47.807859532;-4.838555512487E-5
-47.780267559;-4.657582372775E-5
-47.752675585;-4.483378046171E-5
-47.725083612;-4.315689363441E-5
-47.697491639;-4.154272624468E-5
-47.669899666;-3.998893244079E-5
-47.642307692;-3.849325411129E-5
-47.614715719;-3.705351760330E-5
-47.587123746;-3.566763056360E-5
-47.559531773;-3.433357889778E-5
-47.531939799;-3.304942384322E-5
-47.504347826;-3.181329915151E-5
-47.476755853;-3.062340837621E-5
-47.449163880;-2.947802226216E-5
-47.421571906;-2.837547623230E-5
-47.393979933;-2.731416796861E-5
-47.366387960;-2.629255508345E-5
-47.338795987;-2.530915287807E-5
-47.311204013;-2.436253218483E-5
-47.283612040;-2.345131729031E-5
-47.256020067;-2.257418393590E-5
-47.228428094;-2.172985739336E-5
-47.200836120;-2.091711061219E-5
-47.173244147;-2.013476243645E-5
-47.145652174;-1.938167588812E-5
-47.118060201;-1.865675651480E-5
-47.090468227;-1.795895079914E-5
-47.062876254;-1.728724462778E-5
-47.035284281;-1.664066181750E-5
-47.007692308;-1.601826269663E-5
-46.980100334;-1.541914273936E-5
-46.952508361;-1.484243125125E-5
-46.924916388;-1.428729010384E-5
-46.897324415;-1.375291251659E-5
-46.869732441;-1.323852188444E-5
-46.842140468;-1.274337064913E-5
-46.814548495;-1.226673921282E-5
-46.786956522;-1.180793489229E-5
-46.759364548;-1.136629091225E-5
-46.731772575;-1.094116543637E-5
-46.704180602;-1.053194063447E-5
-46.676588629;-1.013802178465E-5
-46.648996656;-9.758836408963E-6
-46.621404682;-9.393833441479E-6
-46.593812709;-9.042482427399E-6
-46.566220736;-8.704272752157E-6
-46.538628763;-8.378712899349E-6
-46.511036789;-8.065329736421E-6
-46.483444816;-7.763667827069E-6
-46.455852843;-7.473288769356E-6
-46.428260870;-7.193770558590E-6
-46.400668896;-6.924706974029E-6
-46.373076923;-6.665706988524E-6
-46.345484950;-6.416394200243E-6
-46.317892977;-6.176406285653E-6
-46.290301003;-5.945394472955E-6
-46.262709030;-5.723023035223E-6
-46.235117057;-5.508968802490E-6
-46.207525084;-5.302920692095E-6
-46.179933110;-5.104579256583E-6
-46.152341137;-4.913656248527E-6
-46.124749164;-4.729874201618E-6
-46.097157191;-4.552966027429E-6
-46.069565217;-4.382674627255E-6
-46.041973244;-4.218752518477E-6
-46.014381271;-4.060961474896E-6
-45.986789298;-3.909072180523E-6
-45.959197324;-3.762863896317E-6
-45.931605351;-3.622124139386E-6
-45.904013378;-3.486648374188E-6
-45.876421405;-3.356239715284E-6
-45.848829431;-3.230708641204E-6
-45.821237458;-3.109872719017E-6
-45.793645485;-2.993556339207E-6
-45.766053512;-2.881590460458E-6
-45.738461538;-2.773812363988E-6
-45.710869565;-2.670065417076E-6
-45.683277592;-2.570198845425E-6
-45.655685619;-2.474067514043E-6
-45.628093645;-2.381531716324E-6
-45.600501672;-2.292456971011E-6
-45.572909699;-2.206713826754E-6
-45.545317726;-2.124177673987E-6
-45.517725753;-2.044728563824E-6
-45.490133779;-1.968251033749E-6
-45.462541806;-1.894633939807E-6
-45.434949833;-1.823770295085E-6
-45.407357860;-1.755557114227E-6
-45.379765886;-1.689895263768E-6
-45.352173913;-1.626689318063E-6
-45.324581940;-1.565847420605E-6
-45.296989967;-1.507281150533E-6
-45.269397993;-1.450905394132E-6
-45.241806020;-1.396638221135E-6
-45.214214047;-1.344400765655E-6
-45.186622074;-1.294117111573E-6
-45.159030100;-1.245714182207E-6
-45.131438127;-1.199121634112E-6
-45.103846154;-1.154271754851E-6
-45.076254181;-1.111099364587E-6
-45.048662207;-1.069541721360E-6
-45.021070234;-1.029538429903E-6
-44.993478261;-9.910313538740E-7
-44.965886288;-9.539645313618E-7
-44.938294314;-9.182840935610E-7
-44.910702341;-8.839381864836E-7
-44.883110368;-8.508768956006E-7
-44.855518395;-8.190521733014E-7
-44.827926421;-7.884177690669E-7
-44.800334448;-7.589291622544E-7
-44.772742475;-7.305434973958E-7
-44.745150502;-7.032195219164E-7
-44.717558528;-6.769175261831E-7
-44.689966555;-6.515992857946E-7
-44.662374582;-6.272280060307E-7
-44.634782609;-6.037682683783E-7
-44.607190635;-5.811859790588E-7
-44.579598662;-5.594483194792E-7
-44.552006689;-5.385236985379E-7
-44.524414716;-5.183817067135E-7
-44.496822742;-4.989930718706E-7
-44.469230769;-4.803296167194E-7
-44.441638796;-4.623642178657E-7
-44.414046823;-4.450707663928E-7
-44.386454849;-4.284241299180E-7
-44.358862876;-4.124001160675E-7
-44.331270903;-3.969754373180E-7
-44.303678930;-3.821276771536E-7
-44.276086957;-3.678352574877E-7
-44.248494983;-3.540774073039E-7
-44.220903010;-3.408341324698E-7
-44.193311037;-3.280861866797E-7
-44.165719064;-3.158150434841E-7
-44.138127090;-3.040028693656E-7
-44.110535117;-2.926324978214E-7
-44.082943144;-2.816874044155E-7
-44.055351171;-2.711516827640E-7
-44.027759197;-2.610100214185E-7
-44.000167224;-2.512476816141E-7
-43.972575251;-2.418504758497E-7
-43.944983278;-2.328047472693E-7
-43.917391304;-2.240973498153E-7
-43.889799331;-2.157156291225E-7
-43.862207358;-2.076474041285E-7
-43.834615385;-1.998809493705E-7
-43.807023411;-1.924049779453E-7
-43.779431438;-1.852086251058E-7
-43.751839465;-1.782814324715E-7
-43.724247492;-1.716133328296E-7
-43.696655518;-1.651946355041E-7
-43.669063545;-1.590160122728E-7
-43.641471572;-1.530684838104E-7
-43.613879599;-1.473434066394E-7
-43.586287625;-1.418324605679E-7
-43.558695652;-1.365276365986E-7
-43.531103679;-1.314212252892E-7
-43.503511706;-1.265058055482E-7
-43.475919732;-1.217742338503E-7
-43.448327759;-1.172196338542E-7
-43.420735786;-1.128353864099E-7
-43.393143813;-1.086151199388E-7
-43.365551839;-1.045527011739E-7
-43.337959866;-1.006422262469E-7
-43.310367893;-9.687801210742E-8
-43.282775920;-9.325458826448E-8
-43.255183946;-8.976668883606E-8
-43.227591973;-8.640924489626E-8
-43.200000000;-8.317737710872E-8
-43.000000000;-6.309673444671E-8
-42.856040268;-5.171690881797E-8
-42.712080537;-4.238952670980E-8
-42.568120805;-3.474441334601E-8
-42.424161074;-2.847815796295E-8
-42.280201342;-2.334207238027E-8
-42.136241611;-1.913232134076E-8
-41.992281879;-1.568183292321E-8
-41.848322148;-1.285366797761E-8
-41.704362416;-1.053558543634E-8
-41.560402685;-8.635587815457E-9
-41.416442953;-7.078270120726E-9
-41.272483221;-5.801827258025E-9
-41.128523490;-4.755601181451E-9
-40.984563758;-3.898070433080E-9
-40.840604027;-3.195202285490E-9
-40.696644295;-2.619102088693E-9
-40.552684564;-2.146906218262E-9
-40.408724832;-1.759874689212E-9
-40.264765101;-1.442647424301E-9
-40.120805369;-1.182634660356E-9
-39.976845638;-9.695172997348E-10
-39.832885906;-7.948373774540E-10
-39.688926174;-6.516623908686E-10
-39.544966443;-5.343101702123E-10
-39.401006711;-4.381233709576E-10
-39.257046980;-3.592846383022E-10
-39.113087248;-2.946651082327E-10
-38.969127517;-2.417002326474E-10
-38.825167785;-1.982880004205E-10
-38.681208054;-1.627055151208E-10
-38.537248322;-1.335406186121E-10
-38.393288591;-1.096358468908E-10
-38.249328859;-9.004249394093E-11
-38.105369128;-7.398296054329E-11
-37.961409396;-6.081989378236E-11
-37.817449664;-5.003089249182E-11
-37.673489933;-4.118777477759E-11
-37.529530201;-3.393958481060E-11
-37.385570470;-2.799866448192E-11
-37.241610738;-2.312923714729E-11
-37.097651007;-1.913805038576E-11
-36.953691275;-1.586670641227E-11
-36.809731544;-1.318537576244E-11
-36.665771812;-1.098764476504E-11
-36.521812081;-9.186292314440E-12
-36.377852349;-7.709828336310E-12
-36.233892617;-6.499656568986E-12
-36.089932886;-5.507749060153E-12
-35.945973154;-4.694740086845E-12
-35.802013423;-4.028363852373E-12
-35.658053691;-3.482173957247E-12
-35.514093960;-3.034493823853E-12
-35.370134228;-2.667556420537E-12
-35.226174497;-2.366799143390E-12
-35.082214765;-2.120285871809E-12
-34.938255034;-1.918233261005E-12
-34.794295302;-1.752622471490E-12
-34.650335570;-1.616880926282E-12
-34.506375839;-1.505621465776E-12
-34.362416107;-1.414428548138E-12
-34.218456376;-1.339683010191E-12
-34.074496644;-1.278418434084E-12
-33.930536913;-1.228203419401E-12
-33.786577181;-1.187045088439E-12
-33.642617450;-1.153309995095E-12
-33.498657718;-1.125659298473E-12
-33.354697987;-1.102995628452E-12
-33.210738255;-1.084419534480E-12
-33.066778523;-1.069193789183E-12
-32.922818792;-1.056714130099E-12
-32.778859060;-1.046485278389E-12
-32.634899329;-1.038101282751E-12
-32.490939597;-1.031229408484E-12
-32.346979866;-1.025596932277E-12
-32.203020134;-1.020980318674E-12
-32.059060403;-1.017196348644E-12
-31.915100671;-1.014094848190E-12
-31.771140940;-1.011552728409E-12
-31.627181208;-1.009469100474E-12
-31.483221477;-1.007761271677E-12
-31.339261745;-1.006361463606E-12
-31.195302013;-1.005214122233E-12
-31.051342282;-1.004273713149E-12
-30.907382550;-1.003502914444E-12
-30.763422819;-1.002871135514E-12
-30.619463087;-1.002353303021E-12
-30.475503356;-1.001928865802E-12
-30.331543624;-1.001580979266E-12
-30.187583893;-1.001295836879E-12
-30.043624161;-1.001062122225E-12
-29.899664430;-1.000870559898E-12
-29.755704698;-1.000713547385E-12
-29.611744966;-1.000584853347E-12
-29.467785235;-1.000479370319E-12
-29.323825503;-1.000392912008E-12
-29.179865772;-1.000322047152E-12
-29.035906040;-1.000263963346E-12
-28.891946309;-1.000216355423E-12
-28.747986577;-1.000177333974E-12
-28.604026846;-1.000145350359E-12
-28.460067114;-1.000119135247E-12
-28.316107383;-1.000097648242E-12
-28.172147651;-1.000080036592E-12
-28.028187919;-1.000065601346E-12
-27.884228188;-1.000053769613E-12
-27.740268456;-1.000044071829E-12
-27.596308725;-1.000036123118E-12
-27.452348993;-1.000029608022E-12
-27.308389262;-1.000024267976E-12
-27.164429530;-1.000019891050E-12
-27.020469799;-1.000016303539E-12
-26.876510067;-1.000013363064E-12
-26.732550336;-1.000010952927E-12
-26.588590604;-1.000008977478E-12
-26.444630872;-1.000007358318E-12
-26.300671141;-1.000006031185E-12
-26.156711409;-1.000004943412E-12
-26.012751678;-1.000004051828E-12
-25.868791946;-1.000003321048E-12
-25.724832215;-1.000002722070E-12
-25.580872483;-1.000002231123E-12
-25.436912752;-1.000001828722E-12
-25.292953020;-1.000001498897E-12
-25.148993289;-1.000001228559E-12
-25.005033557;-1.000001006978E-12
-24.861073826;-1.000000825362E-12
-24.717114094;-1.000000676501E-12
-24.573154362;-1.000000554489E-12
-24.429194631;-1.000000454482E-12
-24.285234899;-1.000000372513E-12
-24.141275168;-1.000000305327E-12
-23.997315436;-1.000000250259E-12
-23.853355705;-1.000000205123E-12
-23.709395973;-1.000000168127E-12
-23.565436242;-1.000000137804E-12
-23.421476510;-1.000000112950E-12
-23.277516779;-1.000000092578E-12
-23.133557047;-1.000000075881E-12
-22.989597315;-1.000000062195E-12
-22.845637584;-1.000000050978E-12
-22.701677852;-1.000000041784E-12
-22.557718121;-1.000000034248E-12
-22.413758389;-1.000000028071E-12
-22.269798658;-1.000000023008E-12
-22.125838926;-1.000000018858E-12
-21.981879195;-1.000000015457E-12
-21.837919463;-1.000000012669E-12
-21.693959732;-1.000000010384E-12
-21.550000000;-1.000000008511E-12
-21.406040268;-1.000000006976E-12
-21.262080537;-1.000000005718E-12
-21.118120805;-1.000000004687E-12
-20.974161074;-1.000000003841E-12
-20.830201342;-1.000000003149E-12
-20.686241611;-1.000000002581E-12
-20.542281879;-1.000000002115E-12
-20.398322148;-1.000000001734E-12
-20.254362416;-1.000000001421E-12
-20.110402685;-1.000000001165E-12
-19.966442953;-1.000000000955E-12
-19.822483221;-1.000000000783E-12
-19.678523490;-1.000000000641E-12
-19.534563758;-1.000000000526E-12
-19.390604027;-1.000000000431E-12
-19.246644295;-1.000000000353E-12
-19.102684564;-1.000000000289E-12
-18.958724832;-1.000000000237E-12
-18.814765101;-1.000000000194E-12
-18.670805369;-1.000000000159E-12
-18.526845638;-1.000000000131E-12
-18.382885906;-1.000000000107E-12
-18.238926174;-1.000000000088E-12
-18.094966443;-1.000000000072E-12
-17.951006711;-1.000000000059E-12
-17.807046980;-1.000000000048E-12
-17.663087248;-1.000000000040E-12
-17.519127517;-1.000000000032E-12
-17.375167785;-1.000000000027E-12
-17.231208054;-1.000000000022E-12
-17.087248322;-1.000000000018E-12
-16.943288591;-1.000000000015E-12
-16.799328859;-1.000000000012E-12
-16.655369128;-1.000000000010E-12
-16.511409396;-1.000000000008E-12
-16.367449664;-1.000000000007E-12
-16.223489933;-1.000000000005E-12
-16.079530201;-1.000000000004E-12
-15.935570470;-1.000000000004E-12
-15.791610738;-1.000000000003E-12
-15.647651007;-1.000000000002E-12
-15.503691275;-1.000000000002E-12
-15.359731544;-1.000000000002E-12
-15.215771812;-1.000000000001E-12
-15.071812081;-1.000000000001E-12
-14.927852349;-1.000000000001E-12
-14.783892617;-1.000000000001E-12
-14.639932886;-1.000000000001E-12
-14.495973154;-1.000000000000E-12
-14.352013423;-1.000000000000E-12
-14.208053691;-1.000000000000E-12
-14.064093960;-1.000000000000E-12
-13.920134228;-1.000000000000E-12
-13.776174497;-1.000000000000E-12
-13.632214765;-1.000000000000E-12
-13.488255034;-1.000000000000E-12
-13.344295302;-1.000000000000E-12
-13.200335570;-1.000000000000E-12
-13.056375839;-1.000000000000E-12
-12.912416107;-1.000000000000E-12
-12.768456376;-1.000000000000E-12
-12.624496644;-1.000000000000E-12
-12.480536913;-1.000000000000E-12
-12.336577181;-1.000000000000E-12
-12.192617450;-1.000000000000E-12
-12.048657718;-1.000000000000E-12
-11.904697987;-1.000000000000E-12
-11.760738255;-1.000000000000E-12
-11.616778523;-1.000000000000E-12
-11.472818792;-1.000000000000E-12
-11.328859060;-1.000000000000E-12
-11.184899329;-1.000000000000E-12
-11.040939597;-1.000000000000E-12
-10.896979866;-1.000000000000E-12
-10.753020134;-1.000000000000E-12
-10.609060403;-1.000000000000E-12
-10.465100671;-1.000000000000E-12
-10.321140940;-1.000000000000E-12
-10.177181208;-1.000000000000E-12
-10.033221477;-1.000000000000E-12
-9.889261745;-1.000000000000E-12
-9.745302013;-1.000000000000E-12
-9.601342282;-1.000000000000E-12
-9.457382550;-1.000000000000E-12
-9.313422819;-1.000000000000E-12
-9.169463087;-1.000000000000E-12
-9.025503356;-1.000000000000E-12
-8.881543624;-1.000000000000E-12
-8.737583893;-1.000000000000E-12
-8.593624161;-1.000000000000E-12
-8.449664430;-1.000000000000E-12
-8.305704698;-1.000000000000E-12
-8.161744966;-1.000000000000E-12
-8.017785235;-1.000000000000E-12
-7.873825503;-1.000000000000E-12
-7.729865772;-1.000000000000E-12
-7.585906040;-1.000000000000E-12
-7.441946309;-1.000000000000E-12
-7.297986577;-1.000000000000E-12
-7.154026846;-1.000000000000E-12
-7.010067114;-1.000000000000E-12
-6.866107383;-1.000000000000E-12
-6.722147651;-1.000000000000E-12
-6.578187919;-1.000000000000E-12
-6.434228188;-1.000000000000E-12
-6.290268456;-1.000000000000E-12
-6.146308725;-1.000000000000E-12
-6.002348993;-1.000000000000E-12
-5.858389262;-1.000000000000E-12
-5.714429530;-1.000000000000E-12
-5.570469799;-1.000000000000E-12
-5.426510067;-1.000000000000E-12
-5.282550336;-1.000000000000E-12
-5.138590604;-1.000000000000E-12
-4.994630872;-1.000000000000E-12
-4.850671141;-1.000000000000E-12
-4.706711409;-1.000000000000E-12
-4.562751678;-1.000000000000E-12
-4.418791946;-1.000000000000E-12
-4.274832215;-1.000000000000E-12
-4.130872483;-1.000000000000E-12
-3.986912752;-1.000000000000E-12
-3.842953020;-1.000000000000E-12
-3.698993289;-1.000000000000E-12
-3.555033557;-1.000000000000E-12
-3.411073826;-1.000000000000E-12
-3.267114094;-1.000000000000E-12
-3.123154362;-1.000000000000E-12
-2.979194631;-1.000000000000E-12
-2.835234899;-1.000000000000E-12
-2.691275168;-1.000000000000E-12
-2.547315436;-1.000000000000E-12
-2.403355705;-1.000000000000E-12
-2.259395973;-1.000000000000E-12
-2.115436242;-1.000000000000E-12
-1.971476510;-1.000000000000E-12
-1.827516779;-1.000000000000E-12
-1.683557047;-1.000000000000E-12
-1.539597315;-1.000000000000E-12
-1.395637584;-1.000000000000E-12
-1.251677852;-1.000000000000E-12
-1.107718121;-1.000000000000E-12
-0.963758389;-1.000000000000E-12
-0.819798658;-1.000000000000E-12
-0.675838926;-1.000000000000E-12
-0.531879195;-1.000000000000E-12
-0.387919463;-1.000000000000E-12
-0.243959732;-1.000000000000E-12
-0.100000000;-1.000000000000E-12
0.000000000;0.000000000000E+0
0.003000000;6.659309476974E-14
0.006000000;1.376208298094E-13
0.009000000;2.133785215386E-13
0.012000000;2.941811524110E-13
0.015000000;3.803646805369E-13
0.018000000;4.722874365167E-13
0.021000000;5.703316132943E-13
0.024000000;6.749048552247E-13
0.027000000;7.864419529617E-13
0.030000000;9.054066512145E-13
0.033000000;1.032293576887E-12
0.036000000;1.167630295621E-12
0.039000000;1.311979505284E-12
0.042000000;1.465941375539E-12
0.045000000;1.630156043202E-12
0.048000000;1.805306273781E-12
0.051000000;1.992120300251E-12
0.054000000;2.191374850877E-12
0.057000000;2.403898378661E-12
0.060000000;2.630574505853E-12
0.063000000;2.872345697844E-12
0.066000000;3.130217181712E-12
0.069000000;3.405261125716E-12
0.072000000;3.698621097117E-12
0.075000000;4.011516816859E-12
0.078000000;4.345249230878E-12
0.081000000;4.701205919123E-12
0.084000000;5.080866864788E-12
0.087000000;5.485810607725E-12
0.090000000;5.917720807641E-12
0.093000000;6.378393244350E-12
0.096000000;6.869743284201E-12
0.099000000;7.393813843714E-12
0.102000000;7.952783883541E-12
0.105000000;8.548977468064E-12
0.108000000;9.184873428302E-12
0.111000000;9.863115668303E-12
0.114000000;1.058652415786E-11
0.117000000;1.135810665729E-11
0.120000000;1.218107122295E-11
0.123000000;1.305883954561E-11
0.126000000;1.399506117702E-11
0.129000000;1.499362870386E-11
0.132000000;1.605869393219E-11
0.135000000;1.719468514968E-11
0.138000000;1.840632553738E-11
0.141000000;1.969865280758E-11
0.144000000;2.107704014937E-11
0.147000000;2.254721856917E-11
0.150000000;2.411530071881E-11
0.153000000;2.578780631050E-11
0.156000000;2.757168922427E-11
0.159000000;2.947436642049E-11
0.162000000;3.150374877786E-11
0.165000000;3.366827398497E-11
0.168000000;3.597694162214E-11
0.171000000;3.843935057957E-11
0.174000000;4.106573896723E-11
0.177000000;4.386702668247E-11
0.180000000;4.685486081233E-11
0.183000000;5.004166405937E-11
0.186000000;5.344068639230E-11
0.189000000;5.706606013614E-11
0.192000000;6.093285873112E-11
0.195000000;6.505715940436E-11
0.198000000;6.945611001519E-11
0.201000000;7.414800035185E-11
0.204000000;7.915233817598E-11
0.207000000;8.448993033132E-11
0.210000000;9.018296925348E-11
0.213000000;9.625512524085E-11
0.216000000;1.027316448700E-10
0.219000000;1.096394559648E-10
0.222000000;1.170072795559E-10
0.225000000;1.248657492962E-10
0.228000000;1.332475388274E-10
0.231000000;1.421874976301E-10
0.234000000;1.517227959189E-10
0.237000000;1.618930791873E-10
0.240000000;1.727406330444E-10
0.243000000;1.843105590280E-10
0.246000000;1.966509621259E-10
0.249000000;2.098131507848E-10
0.252000000;2.238518502386E-10
0.255000000;2.388254300424E-10
0.258000000;2.547961467591E-10
0.261000000;2.718304028072E-10
0.264000000;2.899990225454E-10
0.267000000;3.093775467435E-10
0.270000000;3.300465466625E-10
0.273000000;3.520919590499E-10
0.276000000;3.756054434438E-10
0.279000000;4.006847632707E-10
0.282000000;4.274341923220E-10
0.285000000;4.559649482987E-10
0.288000000;4.863956552269E-10
0.291000000;5.188528366672E-10
0.294000000;5.534714417687E-10
0.297000000;5.903954063533E-10
0.300000000;6.297782513655E-10
0.303000000;6.717837211739E-10
0.306000000;7.165864643788E-10
0.309000000;7.643727599579E-10
0.312000000;8.153412917662E-10
0.315000000;8.697039746137E-10
0.318000000;9.276868353530E-10
0.321000000;9.895309526409E-10
0.324000000;1.055493459282E-9
0.327000000;1.125848611318E-9
0.330000000;1.200888928318E-9
0.333000000;1.280926409594E-9
0.336000000;1.366293831412E-9
0.339000000;1.457346130591E-9
0.342000000;1.554461880232E-9
0.345000000;1.658044863726E-9
0.348000000;1.768525753577E-9
0.351000000;1.886363902015E-9
0.354000000;2.012049250864E-9
0.357000000;2.146104368579E-9
0.360000000;2.289086622943E-9
0.363000000;2.441590498440E-9
0.366000000;2.604250067956E-9
0.369000000;2.777741629070E-9
0.372000000;2.962786515900E-9
0.375000000;3.160154098199E-9
0.378000000;3.370664980161E-9
0.381000000;3.595194412248E-9
0.384000000;3.834675930208E-9
0.387000000;4.090105236427E-9
0.390000000;4.362544339740E-9
0.393000000;4.653125970926E-9
0.396000000;4.963058292223E-9
0.399000000;5.293629920468E-9
0.402000000;5.646215284724E-9
0.405000000;6.022280340674E-9
0.408000000;6.423388665551E-9
0.411000000;6.851207958915E-9
0.414000000;7.307516976336E-9
0.417000000;7.794212924775E-9
0.420000000;8.313319350439E-9
0.423000000;8.866994551866E-9
0.426000000;9.457540553252E-9
0.429000000;1.008741267529E-8
0.432000000;1.075922974332E-8
0.435000000;1.147578497526E-8
0.438000000;1.224005759446E-8
0.441000000;1.305522521595E-8
0.444000000;1.392467705736E-8
0.447000000;1.485202802958E-8
0.450000000;1.584113376564E-8
0.453000000;1.689610665031E-8
0.456000000;1.802133291710E-8
0.459000000;1.922149088358E-8
0.462000000;2.050157040100E-8
0.465000000;2.186689359888E-8
0.468000000;2.332313701089E-8
0.471000000;2.487635517397E-8
0.474000000;2.653300579865E-8
0.477000000;2.829997661540E-8
0.480000000;3.018461400830E-8
0.483000000;3.219475355531E-8
0.486000000;3.433875260172E-8
0.489000000;3.662552500246E-8
0.492000000;3.906457817741E-8
0.495000000;4.166605263372E-8
0.498000000;4.444076411937E-8
0.501000000;4.740024858311E-8
0.504000000;5.055681012753E-8
0.507000000;5.392357215438E-8
0.510000000;5.751453191481E-8
0.513000000;6.134461869086E-8
0.516000000;6.542975584997E-8
0.519000000;6.978692703022E-8
0.522000000;7.443424673113E-8
0.525000000;7.939103560309E-8
0.528000000;8.467790074810E-8
0.531000000;9.031682136512E-8
0.534000000;9.633124009557E-8
0.537000000;1.027461604482E-7
0.540000000;1.095882507076E-7
0.543000000;1.168859547575E-7
0.546000000;1.246696102786E-7
0.549000000;1.329715748120E-7
0.552000000;1.418263602095E-7
0.555000000;1.512707760310E-7
0.558000000;1.613440824802E-7
0.561000000;1.720881535165E-7
0.564000000;1.835476508154E-7
0.567000000;1.957702093016E-7
0.570000000;2.088066350217E-7
0.573000000;2.227111161762E-7
0.576000000;2.375414481857E-7
0.579000000;2.533592737227E-7
0.582000000;2.702303387021E-7
0.585000000;2.882247652902E-7
0.588000000;3.074173430616E-7
0.591000000;3.278878395078E-7
0.594000000;3.497213311806E-7
0.597000000;3.730085568396E-7
0.600000000;3.978462940617E-7
0.603000000;4.243377608678E-7
0.606000000;4.525930440239E-7
0.609000000;4.827295557832E-7
0.612000000;5.148725209521E-7
0.615000000;5.491554962870E-7
0.618000000;5.857209243599E-7
0.621000000;6.247207241731E-7
0.624000000;6.663169209496E-7
0.627000000;7.106823176892E-7
0.630000000;7.580012112456E-7
0.633000000;8.084701558634E-7
0.636000000;8.622987773033E-7
0.639000000;9.197106408894E-7
0.642000000;9.809441770293E-7
0.645000000;1.046253667988E-6
0.648000000;1.115910299945E-6
0.651000000;1.190203284616E-6
0.654000000;1.269441055014E-6
0.657000000;1.353952540206E-6
0.660000000;1.444088524233E-6
0.663000000;1.540223094713E-6
0.666000000;1.642755186969E-6
0.669000000;1.752110229930E-6
0.672000000;1.868741900438E-6
0.675000000;1.993133992992E-6
0.678000000;2.125802412466E-6
0.681000000;2.267297297736E-6
0.684000000;2.418205284730E-6
0.687000000;2.579151917870E-6
0.690000000;2.750804219517E-6
0.693000000;2.933873427545E-6
0.696000000;3.129117911863E-6
0.699000000;3.337346281327E-6
0.702000000;3.559420693211E-6
0.705000000;3.796260378113E-6
0.708000000;4.048845393993E-6
0.711000000;4.318220623811E-6
0.714000000;4.605500032138E-6
0.717000000;4.911871196983E-6
0.720000000;5.238600134056E-6
0.723000000;5.587036431652E-6
0.726000000;5.958618715409E-6
0.729000000;6.354880463267E-6
0.732000000;6.777456192077E-6
0.735000000;7.228088038508E-6
0.738000000;7.708632758111E-6
0.741000000;8.221069167673E-6
0.744000000;8.767506057287E-6
0.747000000;9.350190599952E-6
0.750000000;9.971517287843E-6
0.753000000;1.063403742587E-5
0.756000000;1.134046921454E-5
0.759000000;1.209370845560E-5
0.762000000;1.289683991546E-5
0.765000000;1.375314938277E-5
0.768000000;1.466613645811E-5
0.771000000;1.563952811498E-5
0.774000000;1.667729307298E-5
0.777000000;1.778365702501E-5
0.780000000;1.896311876190E-5
0.783000000;2.022046723877E-5
0.786000000;2.156079962852E-5
0.789000000;2.298954040861E-5
0.792000000;2.451246152790E-5
0.795000000;2.613570370059E-5
0.798000000;2.786579887448E-5
0.801000000;2.970969392002E-5
0.804000000;3.167477558650E-5
0.807000000;3.376889676960E-5
0.810000000;3.600040413342E-5
0.813000000;3.837816712706E-5
0.816000000;4.091160843268E-5
0.819000000;4.361073587789E-5
0.822000000;4.648617583982E-5
0.825000000;4.954920816251E-5
0.828000000;5.281180260099E-5
0.831000000;5.628665679733E-5
0.834000000;5.998723578270E-5
0.837000000;6.392781298812E-5
0.840000000;6.812351273187E-5
0.843000000;7.259035413609E-5
0.846000000;7.734529640658E-5
0.849000000;8.240628538925E-5
0.852000000;8.779230129374E-5
0.855000000;9.352340744888E-5
0.858000000;9.962079992600E-5
0.861000000;1.061068578348E-4
0.864000000;1.130051940623E-4
0.867000000;1.203407061864E-4
0.870000000;1.281396272588E-4
0.873000000;1.364295761031E-4
0.876000000;1.452396067340E-4
0.879000000;1.546002564502E-4
0.882000000;1.645435921061E-4
0.885000000;1.751032540129E-4
0.888000000;1.863144968696E-4
0.891000000;1.982142270690E-4
0.894000000;2.108410356716E-4
0.897000000;2.242352262922E-4
0.900000000;2.384388370957E-4
0.903000000;2.534956560554E-4
0.906000000;2.694512285967E-4
0.909000000;2.863528567160E-4
0.912000000;3.042495886540E-4
0.915000000;3.231921981960E-4
0.918000000;3.432331526843E-4
0.921000000;3.644265688558E-4
0.924000000;3.868281556662E-4
0.927000000;4.104951433295E-4
0.930000000;4.354861978942E-4
0.933000000;4.618613207904E-4
0.936000000;4.896817329253E-4
0.939000000;5.190097430653E-4
0.942000000;5.499086004328E-4
0.945000000;5.824423316597E-4
0.948000000;6.166755624643E-4
0.951000000;6.526733246759E-4
0.954000000;6.905008494815E-4
0.957000000;7.302233480472E-4
0.960000000;7.719057809275E-4
0.963000000;8.156126179443E-4
0.966000000;8.614075904654E-4
0.969000000;9.093534382396E-4
0.972000000;9.595116531506E-4
0.975000000;1.011942222409E-3
0.978000000;1.066703373835E-3
0.981000000;1.123851325941E-3
0.984000000;1.183440045559E-3
0.987000000;1.245521015727E-3
0.990000000;1.310143016424E-3
0.993000000;1.377351920646E-3
0.996000000;1.447190508071E-3
0.999000000;1.519698298336E-3
1.002000000;1.594911405656E-3
1.005000000;1.672862416178E-3
1.008000000;1.753580289125E-3
1.011000000;1.837090282414E-3
1.014000000;1.923413903054E-3
1.017000000;2.012568882265E-3
1.020000000;2.104569174910E-3
1.023000000;2.199424982488E-3
1.026000000;2.297142798626E-3
1.029000000;2.397725475764E-3
1.032000000;2.501172311468E-3
1.035000000;2.607479152640E-3
1.038000000;2.716638515742E-3
1.041000000;2.828639721060E-3
1.044000000;2.943469038969E-3
1.047000000;3.061109846164E-3
1.050000000;3.181542789831E-3
1.053000000;3.304745957787E-3
1.056000000;3.430695052721E-3
1.059000000;3.559363568748E-3
1.062000000;3.690722968651E-3
1.065000000;3.824742860291E-3
1.068000000;3.961391170834E-3
1.071000000;4.100634317609E-3
1.074000000;4.242437374529E-3
1.077000000;4.386764233216E-3
1.080000000;4.533577758068E-3
1.083000000;4.682839934679E-3
1.086000000;4.834512011150E-3
1.089000000;4.988554631950E-3
1.092000000;5.144927964099E-3
1.095000000;5.303591815542E-3
1.098000000;5.464505745694E-3
1.101000000;5.627629168175E-3
1.104000000;5.792921445868E-3
1.107000000;5.960341978456E-3
1.110000000;6.129850282653E-3
1.113000000;6.301406065389E-3
1.116000000;6.474969290227E-3
1.119000000;6.650500237325E-3
1.122000000;6.827959557260E-3
1.125000000;7.007308319051E-3
1.128000000;7.188508052720E-3
1.131000000;7.371520786734E-3
1.134000000;7.556309080655E-3
1.137000000;7.742836053339E-3
1.140000000;7.931065407008E-3
1.143000000;8.120961447497E-3
1.146000000;8.312489100991E-3
1.149000000;8.505613927532E-3
1.152000000;8.700302131569E-3
1.155000000;8.896520569816E-3
1.158000000;9.094236756666E-3
1.161000000;9.293418867379E-3
1.164000000;9.494035739277E-3
1.167000000;9.696056871136E-3
1.170000000;9.899452420967E-3
1.173000000;1.010419320236E-2
1.176000000;1.031025067956E-2
1.179000000;1.051759696141E-2
1.182000000;1.072620479428E-2
1.185000000;1.093604755423E-2
1.188000000;1.114709923827E-2
1.191000000;1.135933445512E-2
1.194000000;1.157272841539E-2
1.197000000;1.178725692121E-2
1.200000000;1.200289635564E-2
